1 , "aeprm4",
1 , "ajd4k3",
1 , "ar442",
1 , "ben",
1 , "bwk34",
1 , "cfync",
1 , "cjvqm9",
1 , "cl954",
1 , "cmhvzb",
1 , "Duncan Hill",
1 , "ermr2",
1 , "Fernando C",
1 , "gdrp9d",
1 , "gdsybf",
1 , "jad667",
1 , "Jake",
1 , "jdmnr9",
1 , "jh7x3",
1 , "jjlnt8",
1 , "jmabp7",
1 , "John Uchiyama",
1 , "Joseph Trammel",
1 , "jrt8v5",
1 , "jsc8vf",
1 , "jthrk9",
1 , "KPETG6",
1 , "krsbqb",
1 , "mbwxd4",
1 , "Megan Ritchey",
1 , "mpkhx5",
1 , "mps9vf",
1 , "Nathan Peters",
1 , "ngfnbf",
1 , "Nick Pierson",
1 , "ph7vc",
1 , "PMSTHF",
1 , "rccm9",
1 , "Ryan Endacott",
1 , "Sara Shell",
1 , "scottgs",
1 , "sggtgb",
1 , "sjw3kf",
1 , "stmf35",
1 , "STRQ4F",
1 , "Taylor",
1 , "tdwxv3",
1 , "thrzqd",
1 , "tjvkv6",
1 , "tlrd39",
1 , "tmgy87",
1 , "tpgvy4",
1 , "weh9r3",
1 , "zas539",
2 , "AOWHD4",
2 , "ardpqf",
2 , "bltpn6",
2 , "bshkd2",
2 , "cdrp68",
2 , "ConnorKnabe",
2 , "Dan Silver",
2 , "djbc64",
2 , "hcfxd",
2 , "hl2xd",
2 , "jlpvd6",
2 , "jstm9c",
2 , "kcwq67",
2 , "lmp6yb",
2 , "mznrb",
2 , "nrk5f9",
2 , "tlw44f",
2 , "wcmvh8",
2 , "wgm343",
2 , "ymnhc",
2 , "zchb93",
2 , "zztg2",
3 , "ascp6",
3 , "bds8c7",
3 , "bx3g3",
3 , "mfegyf",
3 , "Zh4x9",
4 , "bjrvgd",
4 , "bpbkt7",
4 , "damz8b",
4 , "jam5h9",
4 , "jiedk3",
4 , "lmtxd4",
4 , "mlrzpf",
4 , "nklwd2",
5 , "cjn7d",
10 , "czcz4",